african_american,all_races,caucasian,hispanic,indian,names,seeds
derrick l curtis#,derrick l brown#,dennis r coleman#,dennis r suro#,deepak . pardeep#,derek vroom,de
derek a clark#,derek a carter#,derek a hardellin#,derek m sanchez#,derekha  bhai#,derek vroom,derek
derek vright#,derek vrow#,derek vraworit#,derek vrkilla.carcial#,derek vrasha#,derek vroom,derek vr
david l morgan#,david l brown#,david l mccoy#,daniel carachure#,dalip shah#,dan fineman,da
dan f briggs#,dan francersiii#,dan f witharr#,dan flekrez#,dan farjat saini#,dan fineman,dan f
dan finette tyrel#,dan fine#,dan fines#,dan finera.garcia#,dan fine#,dan fineman,dan fine
carlos e jr robinson#,carlos a cardona#,carlos r reyes#,carlos a guerra#,carta#,carolyn kennedy,car
carolyn r miller#,carolyn r martinez#,carolyn a roe#,carolyno  jr rodriguez#,carolynir#,carolyn kennedy,carolyn
carolyn kendry#,carolyn kent#,carolyn kendrick#,carolyn kendeles.rodriguez,carolyn kent#,carolyn kennedy,carolyn ken
michael a chapman#,michael a mccormick#,michael a mckinney#,michael a martinez#,michael#,michael zuckerberg,mich
michael z chatman#,michael z russell#,michael z baker#,michael z martinez#,michael zah#,michael zuckerberg,michael z
michael zuckenne#,michael zuckelli#,michael zuckellan#,michael zucke#,michael zuckena#,michael zuckerberg,michael zucke
gary l hayes#,gary l baker#,gary w jr davis#,gabriel a romero#,gaurav sharam#,gary yao,ga
gary l hayes#,gary l baker#,gary w jr davis#,gary avila#,gary#,gary yao,gary
gary y jr brown#,gary yadav#,gary yancey#,gary y avares#,gary yadav#,gary yao,gary y
pradel lucas#,pramod kumar tiwari#,praie r saliska#,pramie rivera#,pramod kumar tiwari#,pranay chopra,pra
pranay s mccarter#,pranayan devi#,pranayoos n santana#,pranay a gonzalez#,pranayavara bijgut#,pranay chopra,pranay
pranay charlon#,pranay chand#,pranay chess#,pranay chaveda#,pranay chawla#,pranay chopra,pranay ch
maydreona l miles#,maya devi#,maykel c calderon#,maynor padilla.estrada#,maya kumari#,mayank bhardwaj,may
mayank redison#,mayank pandey#,mayank j romero#,mayank h rodriguez#,mayank .aakash#,mayank bhardwaj,mayank 
mayank bharder#,mayank bhardwaj#,mayank bharresse#,mayank bharque#,mayank bhardwaj#,mayank bhardwaj,mayank bhar
amos e robinson#,amanda l hutchinson#,amanda l hatcher#,amalio rivera#,amit kumar singh#,aman madaan,am
aman j joseph#,aman sharma#,aman p jr marshall#,aman f rivera#,aman saroj#,aman madaan,aman 
aman madadenis#,aman madha#,aman madich#,aman madro l gonzalez#,aman madhkaran#,aman madaan,aman mad
priy loveranc#,priyanka . pinki#,priye j mergtone#,priy g martinez#,priyanka . pinki#,priyanka lingawal,priy
priyankauguson#,priyanka . pinki#,priyanka l monagan#,priyankaune#,priyanka . pinki#,priyanka lingawal,priyanka
priyanka linkley#,priyanka linda#,priyanka linto#,priyanka linorriz#,priyanka linditay#,priyanka lingawal,priyanka lin
umar a hassan#,uma devi#,umid r mann#,umeliar m sanchez#,uma . barkha#,uma sawant,um
uma stimer l jenkins#,uma shankar#,uma s vancey#,uma s muniz#,uma shankar soni#,uma sawant,uma s
uma sawrm crow#,uma saweer#,uma sawyornig#,uma sawillas#,uma sawan#,uma sawant,uma saw
anthony l mcclain#,anthony j perry#,anthony r horn#,antonio r hernandez#,anil kumar sain#,ankur dewan,an
ankurick reed#,ankur sharma#,ankur m davis#,ankur mondales#,ankur kumar#,ankur dewan,ankur
ankur dewin#,ankur devi#,ankur dehalf#,ankur delapamill#,ankur devi#,ankur dewan,ankur de
raymond l hopps#,raymond l holland#,randall l rice#,ramon a feliciano#,ram sagar#,rahul gupta,ra
rahuleshor c robbin#,rahul sharma#,rahul a jr gonzalez#,rahul g martinez#,rahul sharma#,rahul gupta,rahul
rahul gudert#,rahul gupta#,rahul guenoa#,rahul gutineza#,rahul gupta#,rahul gupta,rahul gu
zhivago rodgers#,zhenya santana#,zhenya v deckarri#,zhecory colinza#,zhini devi#,zhang wei,zh
zhankhea l stencor#,zhanson e martin#,zhane a nelson#,zhanole s estrada#,zhanna sankar#,zhang wei,zhan
zhang m forbeson#,zhang r johnson#,zhang j henderson#,zhang g diaz.hernandez#,zhang depo#,zhang wei,zhang 
wanda j malone#,wanda j davis#,wanda j dentoscionle#,wanda rodriguez#,wani bhavi#,wang xiu ying,wan
wang x jamison#,wang xiluseiia mond#,wang x bailey#,wang x rodriguez#,wang xai d.o lageh ri par#,wang xiu ying,wang x
wang xiu douglas#,wang xiu santing#,wang xiu r mccall#,wang xiu castillo#,wang xiu shaker#,wang xiu ying,wang xiu 
hillard j london#,himanshu . annu#,hilario m gomez#,hiram a maldonado#,himanshu . annu#,hideyoshi,hi
hideajrake redmon#,hidena#,hidel f martinez#,hidel garcia#,hidee chaudhry#,hideyoshi,hide
hideyon u bennett#,hideyon d brown#,hideyo g morio#,hideyordo rodriguez#,hideyohar sharma#,hideyoshi,hideyo
zharran e austin#,zhayni essidion#,zhays j notz#,zhanole s estrada#,zhanna sankar#,zhang xiu ying,zha
zhang x hall#,zhang x i barraman#,zhang x herty#,zhang x corrova#,zhang xeta#,zhang xiu ying,zhang x
zhang xiu donner#,zhang xiu partadill#,zhang xiu r brack#,zhang xiu cardenas#,zhang xiu w.o#,zhang xiu ying,zhang xiu 
harry l jr caine#,harold l harris#,harold d minor#,harold a cardenas.valenci#,harish chand dua#,hashimoto,ha
hashantae walleggter#,hashim#,hashia l sannero.ferzill.c,hashus rodriguez.gutierre#,hashim#,hashimoto,hash
hashimmela j slove#,hashim#,hashim naviguenteras#,hashimaer m gonzalez.matha,hashim#,hashimoto,hashim
shantae d dennis#,shane a brown#,shannon l bennett#,shawn d rodriguez#,shankar lal gopalani#,shinzo abe,sh
shinzella b dowers#,shinza delvacy#,shinzeyne a scharden#,shinz a medina#,shinz yadav#,shinzo abe,shinz
shinzo  iii hardy#,shinzo . ammo#,shinzo a dejesunnell.igos#,shinzo d rodriguez#,shinzo . raju#,shinzo abe,shinzo 
marcus d cook#,mark a barnes#,mark a beasley#,mario a martinez#,mariyam . sonam#,maria guadalupe,mar
maria green#,maria g castillo#,maria g pierce#,maria g serrano#,maria garg#,maria guadalupe,maria g
maria guada#,maria guada#,maria guadaguez#,maria guadal.pont#,maria guadal#,maria guadalupe,maria guada
john l graham#,joseph a brown#,joseph a bernston#,jose a correa#,joyti sharma#,jose luis,jo
joseph l henry#,joseph a brown#,joseph a bernston#,jose a correa#,josender  sharma#,jose luis,jose
jose l graham#,jose l rodriguez#,jose l ramirez#,jose l morales#,jose lal sharma#,jose luis,jose l
vernon l hankerson#,vernon l brown#,vernon r locke#,veronica hernandez#,veer bhan#,veronica,ve
veronica m butler#,veronica l brown#,veronica b jamison#,veronica hernandez#,veronika bhinder#,veronica,vero
veronica m butler#,veronica l brown#,veronica b jamison#,veronica hernandez#,veronika bhinder#,veronica,veroni
julius mcdaniels#,justin l barnette#,justin a moore#,juan c montalba#,julfi . sonu#,juan carlos,ju
juan p laster#,juan c castillo#,juan c martinez#,juan c montalba#,juan morji#,juan carlos,juan 
juan cardonas#,juan cardona#,juan carranza#,juan carrillo#,juan carodhari#,juan carlos,juan car
robert l moore#,robert l jr marshall#,robert l bresteane#,roberto c munoz rivera#,rohit agrawal#,rosa maria,ro
rosa a hobbs#,rosa a johnson#,rosa m demerd#,rosa m torres#,rosa kalah#,rosa maria,rosa 
rosa mannt#,rosa massey#,rosa martinez#,rosa mata#,rosa mani#,rosa maria,rosa ma
frank j brown#,frank l jr bennett#,frank e carballo#,francisco j mendez#,frana#,francisco javier,fran
francisco a nunez#,francisco j mendez#,francisco gonzales#,francisco j mendez#,francischan#,francisco javier,francisc
francisco javen#,francisco jaramaz.ramos#,francisco jaza.torrez#,francisco jaigue#,francisco jain#,francisco javier,francisco ja
marcus d cook#,mark a barnes#,mark a beasley#,mario a martinez#,manish kumar  mandal#,maria elena,ma
maria murray#,maria l lassinorino#,maria l west#,maria g serrano#,mariam  mumtaz#,maria elena,maria
maria ellis#,maria eller#,maria elweow#,maria elaramdo#,maria elam#,maria elena,maria el
brandon m fleming#,brian k bradley#,brandon l holland#,bryan santana#,bharat bhushan#,brianna,b
brian k brickhound#,brian k bradley#,brian k saitham#,brian n acosta#,brij mohan thakur#,brianna,bri
brian k brickhound#,brian k bradley#,brian k saitham#,brian n acosta#,brianti#,brianna,brian
charles e hall#,christopher m mcclendon#,christopher m brannon#,carlos a guerra#,chander shekhar#,chloe,c
charles e hall#,christopher m mcclendon#,christopher m brannon#,christian rivera#,chander shekhar#,chloe,ch
chlente chasbin#,chletu s jr marshall#,chloe p johnson#,chlistonae a funsez#,chlepal#,chloe,chl
david l morgan#,david l brown#,david l mccoy#,daniel carachure#,deepak . pardeep#,destiny,d
desmond t baker#,desmond t harris#,desiree l barnett#,dessie santiago#,desh raj#,destiny,des
destiny j rios#,destiny j brown#,destiny straton#,destin santiago#,desti#,destiny,desti
jermaine l martin#,jeremy l coleman#,jeremy m morrison#,jesus m salinas#,jeet pal  .jitu#,jeremiah,je
jeremy a lee#,jeremy l coleman#,jeremy m morrison#,jeremy o burgos#,jerender singh#,jeremiah,jere
jeremiah d preister#,jeremiah d brown#,jeremiah m conner#,jeremias v gomez#,jeremi  rana#,jeremiah,jeremi
james l caldwell#,joseph a brown#,joseph a bernston#,jose a correa#,jai kishan gupta#,josiah,j
joseph l henry#,joseph a brown#,joseph a bernston#,jose a correa#,josin jomon#,josiah,jos
josiah m beachem#,josiah m martinez#,josian montanez#,josie a rivera#,josin jomon#,josiah,josi
undray anderson#,undrae m mcclellan#,uney s mendes#,unesto brito#,unknown . monu#,undertaker,un
underially r ivy#,underick j collins#,underico cabez.garcia#,under p maldonado#,under jain#,undertaker,under
undertall nix#,undertayshawn king#,undertan starlir#,underta romero#,undertala#,undertaker,underta
yolanda y kryger#,yogesh chandra jo#,yosmanis a cruz#,yovanny z bautista#,yogesh chahar#,yokozuna,yo
yokondrae o hurdolk#,yokoshania c carter#,yoko d chambers#,yokonnihua f seplano#,yoko#,yokozuna,yoko
yokozull bowell#,yokozua j harris#,yokozuma c adams#,yokozua l uerda#,yokozuddina#,yokozuna,yokozu
andre l arnold#,andrew j brown#,andrew j denny#,andres r guajardo#,andhav#,andre the giant,and
andre t mccray#,andre t morgan#,andre t mccoy#,andre t salazar#,andre topta#,andre the giant,andre t
andre the gilmer#,andre the getti#,andre the gorsom#,andre the garcia#,andre the gadar#,andre the giant,andre the g
billy r jr collier#,billy j banks#,billy j ball#,billy e caballero reyes#,birender kuma .r yadav#,big show,bi
big a mitchell#,big nemi#,big p o carson#,big mariano#,big singh#,big show,big 
big shardley j jr atturwow,big sharma#,big shulte#,big shergorio luz#,big shan#,big show,big sh
hubert l hunt#,hugh a holt#,hugh walthall#,humberto m malagon#,husainpreet kour#,hulk hogan,hu
hulk  iv herrit#,hulk  kumari#,hulk leath#,hulk rodriguez.gonzale#,hulk mohd#,hulk hogan,hulk 
hulk hornes#,hulk holu#,hulk howstie#,hulk hoelles.maldonado#,hulk holoo chand singh#,hulk hogan,hulk ho
patrick l lee#,paul j boyd#,paul a branch#,pedro j salazarlopez#,parveen kaur . simi#,picachu,p
picky edmores#,pick d moran#,pick d sansom#,picer g melendez#,picay . sonu#,picachu,pic
picace lewis#,picace a james#,picacco turdlere u alvie#,picacio burgos#,picachiram akwal#,picachu,picac
marcus d cook#,mark a barnes#,michael a mckinney#,mario a martinez#,manish kumar  mandal#,mewtwo,m
mewille m rodriguez#,mewasui . sanjali#,mewald j donnynons#,mewel achevedo#,mewa aggarwal#,mewtwo,mew
mewtis f jr baken#,mewtilles dison#,mewthed shewnert#,mewtel diaz#,mewta#,mewtwo,mewt
jimmy l jr floyd#,jimmy l barnett#,jimmy d booher#,jimmy r torres#,jitender sehrawat#,jigglypuff,ji
jiggl jordan#,jiggl r porter#,jigglan a layhorn#,jigglan r alvaro#,jiggla#,jigglypuff,jiggl
jigglyphal#,jigglypu g martin#,jigglyp t cedeno#,jigglype vernarda#,jigglypri . papa#,jigglypuff,jigglyp
burnell mckenney#,buddy l mccray#,buddy l cook#,bulfrano garcia#,budh prakash#,bulbasaur,bu
bulber l hargus#,bulbul#,bulbernon k manond#,bulbim m rolon#,bulbul#,bulbasaur,bulb
bulbas  jr littles#,bulbas b rivera#,bulbas.san s layvoro#,bulbashumald gasialisanosh,bulbas#,bulbasaur,bulbas
charles e hall#,christopher m mcclendon#,christopher m brannon#,christian rivera#,chander shekhar#,charizard,ch
charles e hall#,charles a brown#,charles e jr hartsfield#,charles r murillo#,charan singh . minchu#,charizard,char
charizelo m laster#,chariz c hill#,charizy a berry#,chariz l martinez#,chariz#,charizard,chariz
